{"ratio": [], "shift": [["Editer,Editeur", 0], ["Editer,Auteur", 0], ["Ecrir,Auteur", 0], ["Ecrir,Livre", 0], ["Commenter,Commentaire", 0], ["Commenter,Livre", 0], ["Publier,Livre", 0], ["Publier,Editeur", 0], ["Concerner,Livre", 0], ["Concerner,Theme", 0], ["Commander,Livre", 0], ["Commander,Commande", 0], ["Placer,Livre", 0], ["Placer,Rayon", 0], ["Ranger,Theme", 0], ["Ranger,Rayon", 0], ["Enregistrer,Employe", 0], ["Enregistrer,Utilisateur", 0], ["Payer,Paiement", 0], ["Payer,Commande", 0], ["Acheter,Client", 0], ["Acheter,Commande", 0], ["S'inscrir,Client", 0], ["S'inscrir,Utilisateur", 0]], "colors": [["annotation_color", "#3288bd"], ["annotation_text_color", "#ffffbf"], ["association_attribute_text_color", "#000000"], ["association_cartouche_color", "#abdda4"], ["association_cartouche_text_color", "#000000"], ["association_color", "#e6f598"], ["association_stroke_color", "#66c2a5"], ["background_color", "#ffffbf"], ["card_text_color", "#d53e4f"], ["entity_attribute_text_color", "#000000"], ["entity_cartouche_color", "#fdae61"], ["entity_cartouche_text_color", "#000000"], ["entity_color", "#fee08b"], ["entity_stroke_color", "#f46d43"], ["leg_stroke_color", "#66c2a5"], ["transparent_color", "none"]], "cy": [["Editer", 68], ["Auteur", 68], ["Ecrir", 68], ["Commenter", 68], ["Commentaire", 68], ["Editeur", 228], ["Publier", 228], ["Livre", 228], ["Concerner", 228], ["Theme", 228], ["Employe", 228], ["Paiement", 354], ["Commander", 354], ["Placer", 354], ["Rayon", 354], ["Ranger", 354], ["Enregistrer", 354], ["Payer", 498], ["Commande", 498], ["Acheter", 498], ["Client", 498], ["S'inscrir", 498], ["Utilisateur", 498]], "cx": [["Editer", 62], ["Auteur", 199], ["Ecrir", 304], ["Commenter", 416], ["Commentaire", 537], ["Editeur", 62], ["Publier", 199], ["Livre", 304], ["Concerner", 416], ["Theme", 537], ["Employe", 659], ["Paiement", 62], ["Commander", 199], ["Placer", 304], ["Rayon", 416], ["Ranger", 537], ["Enregistrer", 659], ["Payer", 62], ["Commande", 199], ["Acheter", 304], ["Client", 416], ["S'inscrir", 537], ["Utilisateur", 659]], "size": [710, 592]}